id,src_user_id,dst_user_id,timestamp
1289643414292553729,1226204465897910273,37733742,2020-08-01
1289586779440349185,4343376498,1192064289311514631,2020-08-01
1289546904854913026,1244903170603712512,1014938066568470528,2020-08-01
1289650210583408641,261916059,2930295936,2020-08-01
1289573008181301249,3116066493,895293807931084801,2020-08-01
1289399518295814146,72835250,892118916,2020-08-01
1289562180090834945,465805716,465805716,2020-08-01
1289594689012801536,419243142,1162117168798023680,2020-08-01
1289594485349871625,220526324,220526324,2020-08-01
1289614272662626304,535860706,1076458988844314625,2020-08-01
1289360839321874432,1027630700810457089,724287708,2020-08-01
1289538411255287810,876175129570676737,876175129570676737,2020-08-01
1289370516336398342,291482044,3140833105,2020-08-01
1289515276623474689,91458601,3045139471,2020-08-01
1289509877467869184,1286180063680122880,733705214,2020-08-01
1289350317511815168,57266178,538584119,2020-08-01
1289359378961723392,10947472,1207058831869501440,2020-08-01
1289450456184487936,1288029041220616192,1288029041220616192,2020-08-01
1289623560357437443,1289171902821408768,1283514170034360320,2020-08-01
1289421414638874624,20947434,20947434,2020-08-01
1289400110514712576,890694091813638144,1120469091947569153,2020-08-01
1289375590433411073,134921337,134921337,2020-08-01
1289399596234547200,17539529,1286132313789624320,2020-08-01
1289406292998721536,874956836,1216141656488955904,2020-08-01
1289468794948055040,76101278,2906026329,2020-08-01
1289525961063411713,151104800,1608728954,2020-08-01
1289593764277825536,17351453,3202326849,2020-08-01
1289461311936458752,1209433520906686466,377174389,2020-08-01
1289679686134423552,1257759515287736320,857803752924774400,2020-08-01
1289368169702809602,832008182834683904,1184097582651498497,2020-08-01
1289350765828542467,1288591330881355776,1224071806375432192,2020-08-01
1289644553377480704,1258672380689485827,2779235331,2020-08-01
1289393609683460098,721444576989442048,3409991233,2020-08-01
1289608366700953600,819029118666862592,1037170353020256257,2020-08-01
1289370314070269957,65041705,65041705,2020-08-01
1289684270395449344,2614255879,3044602665,2020-08-01
1289359180436918274,220354139,513363951,2020-08-01
1289368594996838402,141303134,141303134,2020-08-01
1289435216071634944,1095361617829732352,1248370887826563072,2020-08-01
1289379927096037377,1242275656739590144,222557804,2020-08-01
1289500728264765445,2818937329,821474946,2020-08-01
1289405045415350272,225012752,225012752,2020-08-01
1289408884533104640,217246038,217246038,2020-08-01
1289393696157265920,721444576989442048,3409991233,2020-08-01
1289563044918435842,797477526234771456,797477526234771456,2020-08-01
1289356966624518144,1248722140465172481,1248722140465172481,2020-08-01
1289376028171948032,1165289750221197312,788852055406444548,2020-08-01
1289404580229337088,823667920303628289,2420331321,2020-08-01
1289424950428749824,838291567337144320,1112868142554988544,2020-08-01
1289351855181402113,13491312,13491312,2020-08-01
1289553068271386626,706307772925739008,706307772925739008,2020-08-01
1289549920148447233,45068997,1098571948618067968,2020-08-01
1289354958664544257,18820319,870395156213760000,2020-08-01
1289359882697584640,909828163504553984,918486168907509760,2020-08-01
1289608053810008065,17351453,958293132,2020-08-01
1289353346252328961,797141356988669953,352671624,2020-08-01
1289517010322247686,212173373,429902840,2020-08-01
1289556263047532546,1012435193574100993,185422089,2020-08-01
1289355219915218944,3230466907,1869829890,2020-08-01
1289374852776787968,24312943,1274467174778843138,2020-08-01
1289557198155264000,4870917011,1264059803518763009,2020-08-01
1289382839314796544,872964678590377984,1148621960,2020-08-01
1289350199245041664,1270081775058980864,1147313819548626944,2020-08-01
1289368707316289536,1046170556893155328,3310943306,2020-08-01
1289383026502307841,872964678590377984,252763215,2020-08-01
1289383592825458688,872964678590377984,252763215,2020-08-01
1289587416030826496,79460073,79460073,2020-08-01
1289361275416219648,714488865352851458,49280298,2020-08-01
1289352949043310593,707648309230436353,836726586380599301,2020-08-01
1289355240224038912,3040636358,17213316,2020-08-01
1289367776608452608,1267127155030470658,547182652,2020-08-01
1289387513610723329,1181392854331080705,2474139948,2020-08-01
1289515322739847168,1202717196109144065,1249178489464467458,2020-08-01
1289358507355983872,1153694291228839938,1249924178293092353,2020-08-01
1289355394888765440,1243214962308321281,190170397,2020-08-01
1289354062626820096,828424683687202816,1288559113484591105,2020-08-01
1289363041474117634,52814136,52814136,2020-08-01
1289404982962163712,838291567337144320,352157534,2020-08-01
1289358738198011905,917021283996585984,1275486370417586176,2020-08-01
1289359860853743616,18184205,241563938,2020-08-01
1289598057042964480,129314386,3316389197,2020-08-01
1289355832392548352,4849898158,85723812,2020-08-01
1289375269527130114,876990362027515905,825357218824478720,2020-08-01
1289353942128668673,3178243258,40083639,2020-08-01
1289378636441595905,33529136,33529136,2020-08-01
1289352025625354240,16721452,318994241,2020-08-01
1289354709640204288,37261178,1159047934014578695,2020-08-01
1289360400702558210,18184205,3232871792,2020-08-01
1289364060346040320,1241027603441561607,1276308234777825281,2020-08-01
1289352248712077312,16721452,2560843344,2020-08-01
1289352457143762944,1240565717940011010,1178293661433548800,2020-08-01
1289398285527113728,318994241,16721452,2020-08-01
1289353679729053696,962570029907791873,1723648231,2020-08-01
1289353021017686016,1178293661433548800,1240565717940011010,2020-08-01
1289356744372572166,338624488,1001278238860115968,2020-08-01
1289360196872151046,338624488,2321520264,2020-08-01
1289357054511943680,836726586380599301,707648309230436353,2020-08-01
1289353796116774918,3455796672,350398451,2020-08-01
1289382198332645378,829384823311572993,558594175,2020-08-01
1289353800352923648,219862792,219862792,2020-08-01
1289362517353848837,33188639,1268323456988266497,2020-08-01
1289357746760949760,435159281,28153253,2020-08-01
1289520434564567041,1287897224962289664,1239144747282751488,2020-08-01
1289354570838114305,770757266,1262966995571466241,2020-08-01
1289354922006323200,1159047934014578695,37261178,2020-08-01
1289476017862524928,16577987,337780078,2020-08-01
1289567465492475906,16577987,337780078,2020-08-01
1289360879763456010,1869829890,3230466907,2020-08-01
1289396358634450944,17213316,3040636358,2020-08-01
1289357117653004290,1270081775058980864,1147313819548626944,2020-08-01
1289355897093763072,1050532444015878145,115731897,2020-08-01
1289364095976779782,2780759989,18050416,2020-08-01
1289355883806248960,984539190930149377,984539190930149377,2020-08-01
1289374647763386368,1195456873656397824,765995101508304901,2020-08-01
1289356340087816193,324703658,712878650,2020-08-01
1289356730103549956,1084280058,1084280058,2020-08-01
1289365477307940864,886966409493979136,1078466768421769219,2020-08-01
1289358094942613504,828424683687202816,1288559113484591105,2020-08-01
1289359129035694082,828424683687202816,1288559113484591105,2020-08-01
1289360383996649473,58562436,20117737,2020-08-01
1289411914343149568,16577987,337780078,2020-08-01
1289400111764656128,1264303461929287680,36752372,2020-08-01
1289358079297871873,28153253,435159281,2020-08-01
1289383049143017477,1249924178293092353,1153694291228839938,2020-08-01
1289362892790235138,1275486370417586176,917021283996585984,2020-08-01
1289374249069604864,971874721917628417,1192540050329784320,2020-08-01
1289361087763066881,1153916836028637185,1185017001816854528,2020-08-01
1289361635488882688,918486168907509760,909828163504553984,2020-08-01
1289363078883155968,3216483867,3216483867,2020-08-01
1289364306216198145,1276982811056934912,1014646304339832832,2020-08-01
1289362435837632512,824659955970113536,824659955970113536,2020-08-01
1289365994129899522,1240047017448976384,4442529193,2020-08-01
1289368225671712769,2382495682,2732827659,2020-08-01
1289374625244184582,32082901,945485120059842560,2020-08-01
1289362144241364993,2538053700,424005157,2020-08-01
1289366593315598337,948029961448824832,2413474266,2020-08-01
1289364095469142016,3230466907,1869829890,2020-08-01
1289366188745687043,424005157,2538053700,2020-08-01
1289403477609730048,917255336272199680,1220054471604101121,2020-08-01
1289363939449425920,1602054852,852362310526140416,2020-08-01
1289363359347793920,909828163504553984,918486168907509760,2020-08-01
1289364438789656577,922976874594050048,883862177593126912,2020-08-01
1289377955391578113,2278427059,79809731,2020-08-01
1289363452406845442,1288559113484591105,828424683687202816,2020-08-01
1289365945358540800,1400266598,1263535733660319752,2020-08-01
1289363861586362368,2820083725,17279718,2020-08-01
1289364490417352706,984169536147554306,153788574,2020-08-01
1289364062761967618,718582416378576896,3774145535,2020-08-01
1289364828780290048,775723020811763712,980975996923936768,2020-08-01
1289369056466722816,1400266598,821812669049094146,2020-08-01
1289369385031708674,1400266598,821812669049094146,2020-08-01
1289365297733013504,775723020811763712,54278855,2020-08-01
1289365682107293699,1027052955726503939,363180823,2020-08-01
1289366502144200705,1027052955726503939,363180823,2020-08-01
1289367954786680833,1934967121,1212769627291316224,2020-08-01
1289368169962852352,965452912997683202,993641287,2020-08-01
1289366567625453568,363180823,1027052955726503939,2020-08-01
1289367496256970754,58562436,1257507484543172608,2020-08-01
1289476146778628096,1021659743721594880,219775815,2020-08-01
1289452708806537216,3293661355,1226375975748767749,2020-08-01
1289367011470880768,1680668654,3302032961,2020-08-01
1289630958128230401,811514954159443968,1235012304657403905,2020-08-01
1289367092072857601,1027052955726503939,363180823,2020-08-01
1289367654013206528,775723020811763712,872306370686726147,2020-08-01
1289367100637589505,775723020811763712,844364318187687936,2020-08-01
1289371266021957637,1288559113484591105,2248833469,2020-08-01
1289369650900295680,148524296,148524296,2020-08-01
1289369422067466241,3328675947,1119642405303660544,2020-08-01
1289369083863920640,32938710,32938710,2020-08-01
1289369793955471361,343752570,1017879192929820677,2020-08-01
1289369925866283008,775723020811763712,786668560290549760,2020-08-01
1289370653200531457,1173701711472529408,796122768765022209,2020-08-01
1289370900706418688,775723020811763712,1267782230,2020-08-01
1289400538795094016,17213316,25020503,2020-08-01
1289379060506701824,1217818058309427200,1217818058309427200,2020-08-01
1289377533184507906,1063354516257439744,802894350791413760,2020-08-01
1289373020620853249,1266772492355538944,1259345255150780418,2020-08-01
1289373134466899968,702346657506193409,201887771,2020-08-01
1289371727407931395,893708946334023680,1235466054916288512,2020-08-01
1289372352460070917,338624488,770773348955533313,2020-08-01
1289554383605137408,1544643546,834618516766588928,2020-08-01
1289372245849190405,1047849298619236352,1047849298619236352,2020-08-01
1289373813369520128,3310943306,1046170556893155328,2020-08-01
1289374456754974721,1162797554209361921,967279933,2020-08-01
1289376094915825674,338624488,1235067032258752512,2020-08-01
1289374637114003456,2851004544,232468806,2020-08-01
1289374202479251456,17477864,1229797174650851328,2020-08-01
1289375695827697667,878700410357383169,1072532940985376770,2020-08-01
1289402930869624833,37545615,837395270207946752,2020-08-01
1289374616490713088,856355013387587588,743267494987730944,2020-08-01
1289403287838449665,1131734748131291136,1131734748131291136,2020-08-01
1289376466833047552,3112598765,923117164181176320,2020-08-01
1289442683249803264,857803752924774400,1257759515287736320,2020-08-01
1289382024692633600,1183092999602892800,2771346385,2020-08-01
1289381450991599616,3021852295,782780281468121089,2020-08-01
1289403370315427841,2991015149,1204613258537095168,2020-08-01
1289376511330418690,338624488,869032746,2020-08-01
1289377659361701889,1276982811056934912,993953713399128064,2020-08-01
1289392899734425603,1062928577107128320,381915273,2020-08-01
1289380644045217792,931286316,15931176,2020-08-01
1289381688380985344,802894350791413760,1063354516257439744,2020-08-01
1289378892487131138,1136441855376318465,431841371,2020-08-01
1289526014201143296,35812493,3111017736,2020-08-01
1289384776940441604,1181004848822702085,26387726,2020-08-01
1289386939200593922,171351030,233347993,2020-08-01
1289379942950559746,775723020811763712,1109725936960720896,2020-08-01
1289385205250195457,1112107991610777600,1191520329472126976,2020-08-01
1289383028259557377,1287808491953037316,425669351,2020-08-01
1289384505812439043,811514954159443968,261254360,2020-08-01
1289383211475152897,1117852783829344265,776130008,2020-08-01
1289556687603392512,133957538,624046595,2020-08-01
1289382340167262209,365501332,185030043,2020-08-01
1289382137100107776,949381150824316928,1105735452294828032,2020-08-01
1289389356990562305,1271524821856391175,1254501330703409152,2020-08-01
1289402427503005696,888831818,888831818,2020-08-01
1289386812960645121,965452912997683202,993641287,2020-08-01
1289381253435678721,708303066882244610,708303066882244610,2020-08-01
1289388741551775750,1063354516257439744,802894350791413760,2020-08-01
1289387623677452291,349457827,3268989614,2020-08-01
1289384078597214208,376452407,1248199129752371202,2020-08-01
1289386013937172480,365501332,185030043,2020-08-01
1289387908256817153,1153694291228839938,1249924178293092353,2020-08-01
1289388441747075072,1288559113484591105,2248833469,2020-08-01
1289388671150555136,1288559113484591105,2248833469,2020-08-01
1289384903264493568,23427135,2805944888,2020-08-01
1289402974914084864,891686388,344371839,2020-08-01
1289384372458545152,1390750542,1058481467825754113,2020-08-01
1289386867146727424,1078188086,46506945,2020-08-01
1289384230313586690,775723020811763712,890901702655848448,2020-08-01
1289384834381631490,240492373,240492373,2020-08-01
1289385111943815169,775723020811763712,1109725936960720896,2020-08-01
1289385725918494722,949381150824316928,1105735452294828032,2020-08-01
1289385282832228355,353438885,164877227,2020-08-01
1289386766244278274,949381150824316928,1105735452294828032,2020-08-01
1289387045102600192,775723020811763712,961012200130469889,2020-08-01
1289386711110230016,1119739034941698050,1189529786332393474,2020-08-01
1289387695836286976,829384823311572993,874504986,2020-08-01
1289392207221284864,787141837286875137,907767515899617280,2020-08-01
1289397008420057090,22639515,24707450,2020-08-01
1289388580809277440,762522504,27967217,2020-08-01
1289390561007304704,34262462,34262462,2020-08-01
1289570491712167942,870490417753731073,818695087144079360,2020-08-01
1289537643479539713,830878150313857024,1222659984,2020-08-01
1289389336585093121,762522504,349284467,2020-08-01
1289391599995113472,3327160940,822909849092685824,2020-08-01
1289394383700127745,1254501330703409152,1271524821856391175,2020-08-01
1289390726745227267,2987648555,2987648555,2020-08-01
1289390415058272256,974343504695582721,976175417265676289,2020-08-01
1289391735588626434,1152608975009013760,714488865352851458,2020-08-01
1289392353191501825,1152608975009013760,714488865352851458,2020-08-01
1289390804859908097,515845500,860294444506955776,2020-08-01
1289393697402941440,99588960,110430428,2020-08-01
1289393212340068352,860294444506955776,515845500,2020-08-01
1289391591124135936,762522504,148909840,2020-08-01
1289411467410776065,2446637409,1273034003755364353,2020-08-01
1289398159626493953,2440375920,718242195887796224,2020-08-01
1289497570100695040,80706659,1070146916254662656,2020-08-01
1289393221215203329,275104144,4375391358,2020-08-01
1289401225062932481,714488865352851458,1152608975009013760,2020-08-01
1289574049140613120,1225957483954483200,1411536198,2020-08-01
1289393188990382081,48281694,1142102254373130240,2020-08-01
1289393367764238336,21672142,316801018,2020-08-01
1289695068497092608,829384823311572993,874504986,2020-08-01
1289396389680574464,1142102254373130240,48281694,2020-08-01
1289394902149861377,1133124481680125952,2599611847,2020-08-01
1289396277948502017,1237551882794483720,66681373,2020-08-01
1289394381603004418,110430428,99588960,2020-08-01
1289394502218612737,1276982811056934912,22549420,2020-08-01
1289402497421852673,1202251686,1127914632578863109,2020-08-01
1289406470837084160,170032366,3391408572,2020-08-01
1289393863434489857,1284245269907935232,1284245269907935232,2020-08-01
1289395341138092034,338624488,1228845721073389569,2020-08-01
1289473612441772033,1281823685322522624,897878796,2020-08-01
1289395519974825984,716668599235059712,716668599235059712,2020-08-01
1289395992299618304,1117504878111264773,56933453,2020-08-01
1289535209189380096,333745983,234091367,2020-08-01
1289399082947973126,822909849092685824,3327160940,2020-08-01
1289400398042849281,58562436,971762630795976706,2020-08-01
1289402665651191809,1638811718,1009076611,2020-08-01
1289401740777816065,1133124481680125952,2599611847,2020-08-01
1289403345581441024,63949370,629722818,2020-08-01
1289400274012930050,1045861963815940096,3321679863,2020-08-01
1289401795479916546,1286132313789624320,17539529,2020-08-01
1289401908059238403,158432801,158432801,2020-08-01
1289401691142418432,1196929917721698307,1262202172445466625,2020-08-01
1289401345234153477,775723020811763712,880976241268011013,2020-08-01
1289405373758058499,1152608975009013760,714488865352851458,2020-08-01
1289402975069274113,2684328482,2684328482,2020-08-01
1289433731933990912,563275389,2887746623,2020-08-01
1289405220397764608,158432801,158432801,2020-08-01
1289418471424499712,344371839,891686388,2020-08-01
1289405300332666880,314753028,1323529177,2020-08-01
1289408671743606791,338624488,1007864689483657216,2020-08-01
1289404536600240129,359619417,2945140127,2020-08-01
1289404324708114432,1164361521021050880,1018553150511505408,2020-08-01
1289633351192547328,1249882166588141568,1246372466131456000,2020-08-01
1289407309173514240,1276985266159280128,1134003040925732864,2020-08-01
1289405740583497729,933200845,409619959,2020-08-01
1289519762129563648,2420331321,823667920303628289,2020-08-01
1289405283911909381,1524016423,732091989454282752,2020-08-01
1289407253091454976,917742984837386240,879585557126316032,2020-08-01
1289420973909790721,306566982,2933848136,2020-08-01
1289407539306610688,44309890,918485294319484928,2020-08-01
1289410095206371328,24302423,474933628,2020-08-01
1289520972047908865,926909484,785305726013014017,2020-08-01
1289410132074364928,787294417774256128,943562195660570624,2020-08-01
1289407143284600832,701784218,763419434555879424,2020-08-01
1289471110602342401,1233487363986165760,240312074,2020-08-01
1289407603261321216,490024908,166240918,2020-08-01
1289566791816163335,1134003040925732864,1276985266159280128,2020-08-01
1289414233755590656,246894750,99621597,2020-08-01
1289408801620336640,1088229756758315008,73825821,2020-08-01
1289501370223955974,549565942,1177581855941566464,2020-08-01
1289410072443908097,226713609,2187063098,2020-08-01
1289482324338339840,2798106727,1140908099231866880,2020-08-01
1289409447496884224,83679311,83679311,2020-08-01
1289411665990004738,24774067,1285779819356139520,2020-08-01
1289414785344221187,1115505571908804610,1036749588709957633,2020-08-01
1289410374790295554,1115505571908804610,18650281,2020-08-01
1289411614156890112,226713609,2187063098,2020-08-01
1289413555863732226,226713609,2187063098,2020-08-01
1289419582860451841,1248689875487866880,1223350671329710085,2020-08-01
1289410619775438849,1115505571908804610,1226671930788499461,2020-08-01
1289411006637019136,756040397378289664,723308271864422400,2020-08-01
1289411368202862594,1088229756758315008,73825821,2020-08-01
1289411915379220481,1088229756758315008,73825821,2020-08-01
1289565256432250889,917972406198775808,945459591097151488,2020-08-01
1289411088077869057,17561586,17561586,2020-08-01
1289411474260025344,1200580924863217665,1200580924863217665,2020-08-01
1289415983463972865,1211115786762211328,1187463054780444672,2020-08-01
1289414252764176385,753931398,1109680837316902913,2020-08-01
1289412394058276865,1088314637915893760,1088314637915893760,2020-08-01
1289414992932921345,583079847,141470566,2020-08-01
1289418500176412674,938538814250905601,958899800589635584,2020-08-01
1289416821406224384,970916846,499465273,2020-08-01
1289415365705965568,4372290612,994724835698855936,2020-08-01
1289416690699132928,1115505571908804610,28300282,2020-08-01
1289415490314670080,994724835698855936,4372290612,2020-08-01
1289415570790723584,994724835698855936,1258910218727161858,2020-08-01
1289416416219652096,1115505571908804610,1573409365,2020-08-01
1289417079993507843,1281259320458403841,800894971066937344,2020-08-01
1289416654976245761,26668335,494743440,2020-08-01
1289531422575751170,2760726890,23033993,2020-08-01
1289417764822642688,226713609,60939318,2020-08-01
1289446100449890304,828424683687202816,1288559113484591105,2020-08-01
1289464821839097857,1268662530613936133,3208256313,2020-08-01
1289445538312511489,2579797951,1278027433095172098,2020-08-01
1289419069657997312,226713609,1181436394100711424,2020-08-01
1289418626429267968,304213813,866515390913945601,2020-08-01
1289418860710551552,304213813,866515390913945601,2020-08-01
1289420296923955200,704411685369450500,1184765513152507906,2020-08-01
1289434955735474178,1133124481680125952,403556714,2020-08-01
1289422798579015682,768143909977403394,1079284528282099712,2020-08-01
1289572458983337984,1181004848822702085,1688261492,2020-08-01
1289426362663501825,982051323368456192,53166340,2020-08-01
1289419570852311041,775723020811763712,1181406698222866433,2020-08-01
1289419401687519233,1115505571908804610,1056317886912847873,2020-08-01
1289421770634731521,804813156002447360,804813156002447360,2020-08-01
1289421238985560064,226713609,26670473,2020-08-01
1289421770848641024,1285779819356139520,167586182,2020-08-01
1289571733435871237,1512196634,260864109,2020-08-01
1289425380370128896,938538814250905601,43153756,2020-08-01
1289421107993354241,44309890,918485294319484928,2020-08-01
1289422039476920320,918485294319484928,44309890,2020-08-01
1289426094525800449,1287011905924562946,109461931,2020-08-01
1289422914823974913,929105178,805927167469064192,2020-08-01
1289423993829830657,938538814250905601,1094650629878894592,2020-08-01
1289426868584603650,1253298696743256064,1204445437077475328,2020-08-01
1289421910250381315,68189622,1027714259206238211,2020-08-01
1289422289277054976,979121746698674176,25565372,2020-08-01
1289422326728028160,1115505571908804610,45413265,2020-08-01
1289429307656413185,4841656747,339258931,2020-08-01
1289441475411902465,81847009,3222388568,2020-08-01
1289428051810373633,15226284,14143601,2020-08-01
1289551247352008704,1139212120879509506,282645084,2020-08-01
1289535744772468736,1112868142554988544,838291567337144320,2020-08-01
1289425878250790913,1280152560180121600,1201512134,2020-08-01
1289426833063071746,18184205,14550939,2020-08-01
1289432040241152001,872964678590377984,1283538394975481859,2020-08-01
1289432066937872384,872964678590377984,1283538394975481859,2020-08-01
1289427022784192512,970916846,1248740461415669764,2020-08-01
1289537251081248770,1181392854331080705,59162832,2020-08-01
1289430487795081216,364988327,23291273,2020-08-01
1289611656327131141,4789275748,1246202030860963840,2020-08-01
1289577903806484481,1888077421,14121456,2020-08-01
1289522432999436288,1266138366304804866,1221874451429507072,2020-08-01
1289427721299271682,970916846,1248740461415669764,2020-08-01
1289432813075222528,872964678590377984,3019424872,2020-08-01
1289429163644870656,219890721,219890721,2020-08-01
1289429280661712896,824715859197259777,117196987,2020-08-01
1289441534341820417,847950897569202176,1001992522988752896,2020-08-01
1289580510168199170,217195594,1074365213640667136,2020-08-01
1289429771793784833,1256708513675517952,1277487419080802304,2020-08-01
1289430676102500354,862551721666465792,1077703279218282497,2020-08-01
1289431332930506752,985656652543115264,145933594,2020-08-01
1289570544782909440,1270861542439948289,48058561,2020-08-01
1289431689731534853,1288591330881355776,1224071806375432192,2020-08-01
1289431428522848258,3420927431,3420927431,2020-08-01
1289430716690780165,23291273,364988327,2020-08-01
1289477809325264896,58562436,1218667776132308992,2020-08-01
1289431379768487938,364988327,23291273,2020-08-01
1289431592138489856,938538814250905601,938538814250905601,2020-08-01
1289435192789069825,1133124481680125952,951594523968258049,2020-08-01
1289496097434591232,1133124481680125952,951594523968258049,2020-08-01
1289431314609799173,145933594,985656652543115264,2020-08-01
1289431418880237568,1263913985256173569,1263903507675000832,2020-08-01
1289481590394036225,60438524,1257790202669674497,2020-08-01
1289432311662931968,950090982967644160,898954189593825280,2020-08-01
1289431631015501825,1256765015190720515,1261314897125822465,2020-08-01
1289432363659739138,1119201547601289216,1144352643122208769,2020-08-01
1289440586265579522,338624488,2177455745,2020-08-01
1289441119173058561,338624488,2177455745,2020-08-01
1289570279115509761,23427135,1043554237530030081,2020-08-01
1289432856490639360,31007362,821224338091286528,2020-08-01
1289433066226712577,996151242240901120,833671538826211328,2020-08-01
1289465627682279425,101812254,599669272,2020-08-01
1289433613335818240,1115505571908804610,2906390281,2020-08-01
1289435742150656000,3303083053,1252967454432620547,2020-08-01
1289440702930096128,872964678590377984,3019424872,2020-08-01
1289441181860937728,2936324750,383356020,2020-08-01
1289447101580025857,889640187285962753,1262158834103173120,2020-08-01
1289437670087651329,1248370887826563072,1095361617829732352,2020-08-01
1289439435772375041,49410500,4760800702,2020-08-01
1289438566364270592,1252967454432620547,3303083053,2020-08-01
1289436271551471617,279728106,1285817015731552256,2020-08-01
1289436617418014721,44669463,15625262,2020-08-01
1289593500510466048,43153756,1336660494,2020-08-01
1289437402688364544,995784335184756741,444333455,2020-08-01
1289439354054512641,2793034768,33379809,2020-08-01
1289476464065183750,3087094140,468040789,2020-08-01
1289437808298352641,1070447969621684224,1070447969621684224,2020-08-01
1289438395106643969,872964678590377984,1285664142368669704,2020-08-01
1289516189731840000,318994241,83177975,2020-08-01
1289446448468090880,60438524,1265805657317478400,2020-08-01
1289442593625972737,1001992522988752896,847950897569202176,2020-08-01
1289455766995259392,14550939,20131849,2020-08-01
1289446818506407937,60438524,1213253252680044547,2020-08-01
1289443902563315712,996021767239032832,1039293817231294464,2020-08-01
1289464522881695746,1400266598,1268594985609367552,2020-08-01
1289447148086374400,4362211702,1866345966,2020-08-01
1289445638753542145,788471071414550528,1284646845889691649,2020-08-01
1289449684709158912,949381150824316928,1266790740547514369,2020-08-01
1289453914841124864,949381150824316928,1266790740547514369,2020-08-01
1289557411762601985,820304560971345924,1031576656203341824,2020-08-01
1289447401866981378,872964678590377984,154638975,2020-08-01
1289451846805807105,762522504,57452386,2020-08-01
1289447639864340480,338624488,834321091,2020-08-01
1289641426922270720,232468806,1231911908,2020-08-01
1289449141454753792,435275229,1019668086318911489,2020-08-01
1289449558309629953,1019668086318911489,435275229,2020-08-01
1289450331164868608,435275229,1019668086318911489,2020-08-01
1289450732521795592,1006576169016315904,1006576169016315904,2020-08-01
1289451500624723968,722236722,722236722,2020-08-01
1289451022109138945,30105288,1158603318161264640,2020-08-01
1289629402599284738,872964678590377984,252763215,2020-08-01
1289453266183454720,1267621782867116040,1008806714,2020-08-01
1289637249361932289,1226375975748767749,3293661355,2020-08-01
1289453288950128641,998213140616830976,1077429974502699009,2020-08-01
1289630017635397633,872964678590377984,154638975,2020-08-01
1289453731965091841,1077429974502699009,998213140616830976,2020-08-01
1289641994084483072,1133124481680125952,3248691361,2020-08-01
1289630830336172034,872964678590377984,252763215,2020-08-01
1289640641165766657,232468806,21880647,2020-08-01
1289456621945405440,1289439034255630337,1237020311020638208,2020-08-01
1289595844778319872,98881863,3017374553,2020-08-01
1289470157006360576,37791764,323608735,2020-08-01
1289565523701673986,435338691,900200654341369858,2020-08-01
1289458256750841860,1241799891728207872,1241799891728207872,2020-08-01
1289501346178019328,624119135,1190033605055176704,2020-08-01
1289459447828365316,34233617,279775332,2020-08-01
1289580599691206662,299818967,296705735,2020-08-01
1289461481075929088,606869062,2874520272,2020-08-01
1289461946878590977,32536837,32536837,2020-08-01
1289462301137842176,31008542,31008542,2020-08-01
1289550168786759682,1214746901398085633,797109454080765952,2020-08-01
1289464364487946241,1257767102968221701,703980193736691712,2020-08-01
1289473415078768641,4568650632,1230560283523010560,2020-08-01
1289466163341045762,1269325601678057472,1269325601678057472,2020-08-01
1289467574493691904,60438524,1162826404817276928,2020-08-01
1289542333826912256,2871913950,216270430,2020-08-01
1289535367490572290,792383514,1245203348,2020-08-01
1289473267804155904,1068921782839652352,894845353,2020-08-01
1289586660145901570,1133500265578061824,1073920089139933184,2020-08-01
1289475462041759745,722470692,608432526,2020-08-01
1289640428728225792,519091020,1259470845300191233,2020-08-01
1289475128959488000,138355144,96411175,2020-08-01
1289476535590649857,17957837,120701995,2020-08-01
1289475524885123073,1213619016255672320,1213619016255672320,2020-08-01
1289476406087278594,608432526,722470692,2020-08-01
1289477395993378816,120701995,17957837,2020-08-01
1289486641451606017,29564916,2976355192,2020-08-01
1289512216841129984,1249423936296636416,30043669,2020-08-01
1289479644488462336,608432526,1248013907735859205,2020-08-01
1289480541683642368,120701995,733397617506279425,2020-08-01
1289488144136462336,1115505571908804610,1199768132832776193,2020-08-01
1289552913036185601,1047528616052084736,111569889,2020-08-01
1289485375367344129,2192401370,1263710433749299200,2020-08-01
1289486037102690304,1052097594279768065,1052097594279768065,2020-08-01
1289487353522749441,1240403350719541248,1240403350719541248,2020-08-01
1289488596894806018,289779209,229051224,2020-08-01
1289490564430196736,266703523,1052971519654187009,2020-08-01
1289495033314332672,1115505571908804610,232108922,2020-08-01
1289539872848400385,2909294577,1275379294794113025,2020-08-01
1289517053917802502,1082344718447501312,1275570808115642370,2020-08-01
1289574578860113920,217195594,821627569,2020-08-01
1289524824348348418,1177581855941566464,549565942,2020-08-01
1289510593028861953,870804082138787842,1269272333828661248,2020-08-01
1289519464044691456,23291273,42043065,2020-08-01
1289704119767367680,220471898,1285678821631569920,2020-08-01
1289511347240280066,79697573,207433274,2020-08-01
1289514590515023872,2531462340,1001510135573942274,2020-08-01
1289510984718180352,1052971519654187009,266703523,2020-08-01
1289541053511417856,733705214,1286180063680122880,2020-08-01
1289510277717794816,2844988335,1005798791918866435,2020-08-01
1289512606940758017,266703523,1052971519654187009,2020-08-01
1289515130275819521,17477864,38278732,2020-08-01
1289525555386359808,1085654735666008064,870804082138787842,2020-08-01
1289544737658040320,1085485427325161474,3209993465,2020-08-01
1289546753792827393,114208227,114208227,2020-08-01
1289590138150875136,749857962,993437736601313281,2020-08-01
1289694645434355713,1199069359555133440,1013796373,2020-08-01
1289646695387561984,1239652767691608064,1177601423456067584,2020-08-01
1289516368350466050,17477864,702160219921641473,2020-08-01
1289566531525980160,1249178489464467458,1202717196109144065,2020-08-01
1289620563980218368,1193422736342708224,1215540772457648128,2020-08-01
1289517544013836288,1082344718447501312,163433464,2020-08-01
1289587885528629255,338624488,1164020554531258368,2020-08-01
1289520694376579078,429902840,212173373,2020-08-01
1289567205450027008,1181392854331080705,977376330,2020-08-01
1289609292744548352,1252596388694765568,14458021,2020-08-01
1289535809356328960,338624488,15028155,2020-08-01
1289520295112396800,258481673,1168118606703550465,2020-08-01
1289544315442585600,2291846072,611991482,2020-08-01
1289521790562099201,1204251049407733761,1204251049407733761,2020-08-01
1289523258941779970,1276063571844136960,1159356126514700290,2020-08-01
1289583450882576387,1277665318454714368,870352421956005889,2020-08-01
1289520200920915969,1082344718447501312,556484686,2020-08-01
1289552481999978499,1178047147188641792,1248957227916046336,2020-08-01
1289526488291713024,1078089032083693568,826515641838555136,2020-08-01
1289529414368157697,1078089032083693568,1197124377856352256,2020-08-01
1289529901150699521,1078089032083693568,1197124377856352256,2020-08-01
1289582119740567553,1196941746434904066,1265702959054065667,2020-08-01
1289525250263117824,1059779460914864131,1218578622753230849,2020-08-01
1289527375990910976,1167436696469815296,705174636716101632,2020-08-01
1289599716402040832,46315956,105560657,2020-08-01
1289531645100355584,24121662,174389477,2020-08-01
1289529873174654976,194543733,835898406,2020-08-01
1289537028095434753,829490315698528256,1031254786295967746,2020-08-01
1289529645423943682,3291741298,3291741298,2020-08-01
1289530494158159873,4266293139,835485461283905536,2020-08-01
1289533705078407169,1078089032083693568,115990508,2020-08-01
1289531983568150529,1088229756758315008,21590919,2020-08-01
1289531685059670016,49089142,79600466,2020-08-01
1289559811638595584,1258795561953656833,995325001376063489,2020-08-01
1289556395277287425,2241621625,813097322,2020-08-01
1289550368712478721,40083639,81916321,2020-08-01
1289537143094816768,1036002250605428736,139116684,2020-08-01
1289536454830387201,1222242800424706048,372959550,2020-08-01
1289705860369805312,1118633006401490949,356736520,2020-08-01
1289539775246950407,1126160624151662592,1287860344308850689,2020-08-01
1289546867265556482,299868264,1165006575939018759,2020-08-01
1289546653477695488,1082344718447501312,22692783,2020-08-01
1289542806143479810,2892710886,1231227015371595776,2020-08-01
1289547543706124288,1231695393240633344,100585239,2020-08-01
1289544550722105344,1162471963,2565543038,2020-08-01
1289619037727502336,126722843,919567969096630277,2020-08-01
1289541989914927106,2208879666,2208879666,2020-08-01
1289542199303168001,753173957117870080,1264558088113262592,2020-08-01
1289549592590196736,1699266222,346612099,2020-08-01
1289622946676449281,28189478,121941053,2020-08-01
1289589669718396928,338624488,932280233088225280,2020-08-01
1289541324417335296,15545077,726817620176064514,2020-08-01
1289540937257893888,616374490,616374490,2020-08-01
1289541320092954629,855396654463275008,855396654463275008,2020-08-01
1289541793877340162,180032251,180032251,2020-08-01
1289542498344488961,596178928,596178928,2020-08-01
1289574754081374208,1264558088113262592,753173957117870080,2020-08-01
1289595395086016512,163927383,1253781294934261771,2020-08-01
1289619564607700993,125394887,850272222,2020-08-01
1289543657826054151,3453338260,926918646127038469,2020-08-01
1289560576172023813,1265080579076296705,817916089413890048,2020-08-01
1289544456589303808,2214528726,1595723262,2020-08-01
1289630958895824896,926704693,1225181006862352386,2020-08-01
1289550381370900480,596178928,596178928,2020-08-01
1289563797112279043,1287112656382341120,1214672545024217088,2020-08-01
1289548383171084288,299868264,29109167,2020-08-01
1289548265575219200,1044460070191357953,427937097,2020-08-01
1289548210499751938,609215120,609215120,2020-08-01
1289578987639824384,335371809,742004164994048001,2020-08-01
1289602558194057216,785898107997257728,254281713,2020-08-01
1289553914124148736,228073841,543895865,2020-08-01
1289611357881393152,837169613527928832,886346662582472704,2020-08-01
1289568648240144384,1271217409542815746,1002483984,2020-08-01
1289624619603746817,827099900,263901276,2020-08-01
1289553328599445504,706307772925739008,1047528616052084736,2020-08-01
1289556702329745408,299868264,1172958638878670848,2020-08-01
1289558677205258242,1261271096650801152,949077522485985280,2020-08-01
1289555938937053184,1088229756758315008,173532000,2020-08-01
1289644881217032200,1133124481680125952,951594523968258049,2020-08-01
1289557513990361090,706307772925739008,1227416784619347968,2020-08-01
1289562983513890818,1278458412880269312,1240805851662671872,2020-08-01
1289557219051102208,1009076611,621232998,2020-08-01
1289556699263594496,931286316,411421858,2020-08-01
1289610057903046656,1216141656488955904,330996766,2020-08-01
1289556398703951874,299868264,349940097,2020-08-01
1289557959475752960,104324598,268465577,2020-08-01
1289558703428042752,1088229756758315008,575994705,2020-08-01
1289562337284775936,711564480992268288,1109900489158733826,2020-08-01
1289559509891833856,1144129888535715840,1212133790778187776,2020-08-01
1289705430340399104,1118633006401490949,462888604,2020-08-01
1289610810935799811,93665586,26617598,2020-08-01
1289651146966142977,2767808264,846888799623954433,2020-08-01
1289561793023664128,3241707920,366705398,2020-08-01
1289570580451209216,145000946,805525877748535297,2020-08-01
1289565591930470400,1256553053123158017,3080051758,2020-08-01
1289570612483108864,23291273,887044153384763392,2020-08-01
1289572094355763201,1088229756758315008,1244021267092643840,2020-08-01
1289582158437158912,1240805851662671872,1278458412880269312,2020-08-01
1289629921476837377,2824598695,1220720365762228225,2020-08-01
1289569853817249797,1214672545024217088,1287112656382341120,2020-08-01
1289566994853818371,46797629,19954199,2020-08-01
1289565763242582016,17146323,1191402123331874823,2020-08-01
1289567094066085892,1016280543028301825,575429678,2020-08-01
1289566348545101825,299868264,938183360190525440,2020-08-01
1289569111740002304,1229064912573542404,1094762379382972416,2020-08-01
1289580136002510848,16332758,3114161,2020-08-01
1289567529845678080,1256553053123158017,3080051758,2020-08-01
1289566782026481666,117521617,15359761,2020-08-01
1289574264111153153,1202717196109144065,1249178489464467458,2020-08-01
1289571046245273601,546079852,14310060,2020-08-01
1289597873311498241,546079852,14310060,2020-08-01
1289586737887371264,338624488,92148124,2020-08-01
1289569152978608128,1084785368069636096,2856091866,2020-08-01
1289573482762612738,2923857892,2923857892,2020-08-01
1289587683979862022,1108162827695603712,1225571787410485249,2020-08-01
1289570450121531393,1287112656382341120,1214672545024217088,2020-08-01
1289639415598346240,206018455,1283022251466596359,2020-08-01
1289572110935797761,805525877748535297,145000946,2020-08-01
1289625868269060096,737110484,1158924639554408448,2020-08-01
1289579001774710784,17477864,1206413293,2020-08-01
1289571566376742913,2173239739,1161090007,2020-08-01
1289571763949510657,1005798791918866435,1895455885,2020-08-01
1289607848096174080,1252369660592316418,544289204,2020-08-01
1289572653213204483,2173239739,3239114344,2020-08-01
1289573048874610688,2173239739,3763831474,2020-08-01
1289573206538326016,87612386,87612386,2020-08-01
1289573068256366592,1274614580698898434,1274614580698898434,2020-08-01
1289573983289929728,991747425223180288,1609651698,2020-08-01
1289573536437166080,2173239739,3239114344,2020-08-01
1289576007066882048,1258197244538490880,871887889,2020-08-01
1289573925928570881,2173239739,3763831474,2020-08-01
1289578763483787264,894570912686776321,3283808679,2020-08-01
1289575101529088002,906817490,906817490,2020-08-01
1289575354529542144,805525877748535297,3224350634,2020-08-01
1289576077606567939,3915182178,3915182178,2020-08-01
1289593328820826116,1287112656382341120,1214672545024217088,2020-08-01
1289649676006723584,822245501458333700,1250828388400607234,2020-08-01
1289581164827533312,72346752,379869792,2020-08-01
1289579589941919744,3098195279,3098195279,2020-08-01
1289577488717238272,796899745889402880,1362563808,2020-08-01
1289610895862059008,990059739563347971,872238191977410564,2020-08-01
1289578194547306498,299868264,110988675,2020-08-01
1289577764597583872,1243343372246384640,322659865,2020-08-01
1289597951984037889,14121456,1888077421,2020-08-01
1289578013118664712,1209581006589775872,1209581006589775872,2020-08-01
1289578692260306954,1268592237945868290,36715753,2020-08-01
1289599336054169601,1240565717940011010,795832272230486016,2020-08-01
1289581857881767938,16241700,26371266,2020-08-01
1289582813558140928,1240805851662671872,1073388826549239814,2020-08-01
1289580316642824192,138070726,24070286,2020-08-01
1289611227618893826,2296772714,535464066,2020-08-01
1289580615642349569,805525877748535297,545538325,2020-08-01
1289580737465704453,14629171,3312030854,2020-08-01
1289593431803617281,1248689875487866880,1274832818829496320,2020-08-01
1289583794991726594,376452407,1248199129752371202,2020-08-01
1289585863958003716,39548416,39548416,2020-08-01
1289583937732243464,2376475740,956203652875804672,2020-08-01
1289586299691626497,1186463532788920321,168344107,2020-08-01
1289583838616674304,114974103,2570615502,2020-08-01
1289583778596184064,433890626,433890626,2020-08-01
1289585046525861888,138070726,24070286,2020-08-01
1289593750843359233,299818967,296705735,2020-08-01
1289608976024211458,46154573,67969321,2020-08-01
1289590794748178433,138070726,24070286,2020-08-01
1289590966534381573,305237936,755561917511376896,2020-08-01
1289585690112675841,138070726,19463109,2020-08-01
1289586843877625858,1258795561953656833,995325001376063489,2020-08-01
1289694056948174848,115514512,816587874,2020-08-01
1289587672789340160,19319290,28052309,2020-08-01
1289595157252202497,72346752,1005747228,2020-08-01
1289612174738911232,2934419535,980156745732456448,2020-08-01
1289591344214585344,138070726,28627422,2020-08-01
1289588447888302080,138070726,19463109,2020-08-01
1289599869359800320,17477864,1206413293,2020-08-01
1289643893739290626,1019668086318911489,985624399041642496,2020-08-01
1289612157999439872,2195184824,159802035,2020-08-01
1289589572964253698,4794394637,4794394637,2020-08-01
1289590723130429444,209315217,1275430416552525845,2020-08-01
1289592812116168706,338624488,242029598,2020-08-01
1289593843147345920,338624488,242029598,2020-08-01
1289599560252190723,1250412454846377986,739754362373709824,2020-08-01
1289593247849943040,232698161,123943277,2020-08-01
1289591511303065600,138070726,631543654,2020-08-01
1289598410106994688,965258149497319424,731617381684928513,2020-08-01
1289594750539116544,338624488,2379135253,2020-08-01
1289595861706641409,1181392854331080705,2474139948,2020-08-01
1289594054209085441,1289583678339915776,1241881184684122113,2020-08-01
1289592455172481024,20053279,20053279,2020-08-01
1289675390722510848,1214972288354934784,35966450,2020-08-01
1289592954365947905,947701612306460672,947701612306460672,2020-08-01
1289620785749843968,1133929324829204480,1150900707710636035,2020-08-01
1289634157434269697,974016543494496256,1274535524519165952,2020-08-01
1289594100153376768,787026175650439168,787026175650439168,2020-08-01
1289607725563838465,2497968340,588676887,2020-08-01
1289608668145541120,114686837,14594463,2020-08-01
1289596020532211712,918501080585134082,999421575911784448,2020-08-01
1289599627277283329,18346882,856251290,2020-08-01
1289632174531117065,1259072723109777408,738092501853216768,2020-08-01
1289597391348224000,20307920,1222819900948996096,2020-08-01
1289598369149534214,42074224,4541535439,2020-08-01
1289599323030814725,927815191450083328,20307920,2020-08-01
1289653650722131970,982377732230254599,982377732230254599,2020-08-01
1289601597861847040,608003913,1264686135118192640,2020-08-01
1289602005451694081,746194632615202816,25257054,2020-08-01
1289639362045440000,66527880,817527841671811073,2020-08-01
1289617864635408385,1134003040925732864,85380738,2020-08-01
1289599424633561088,102628272,102628272,2020-08-01
1289600026185007104,1181392854331080705,2474139948,2020-08-01
1289602969357320192,22117701,22117701,2020-08-01
1289600551483633665,97317344,173341951,2020-08-01
1289601723640631298,217195594,1218931042591105024,2020-08-01
1289611502584922113,17477864,702160219921641473,2020-08-01
1289611029853478913,4025531193,412562796,2020-08-01
1289602295261429760,717444590937182208,792504689015328768,2020-08-01
1289701035703902209,1058252036943171584,3018109789,2020-08-01
1289619816844681217,780564512948703232,365101553,2020-08-01
1289663350234742784,966655194300862466,1172104306914398208,2020-08-01
1289608741340483589,1124785001327939585,1270459329007796224,2020-08-01
1289632153030914048,827166050915528704,35862055,2020-08-01
1289654275975417856,1280092740051775488,4481837592,2020-08-01
1289619112340185088,4239382889,50736471,2020-08-01
1289611520083558400,2733111958,3612730660,2020-08-01
1289606942608863233,1085654735666008064,870804082138787842,2020-08-01
1289648799334281216,1262995590922883073,1566805129,2020-08-01
1289700301365116930,14114324,15442515,2020-08-01
1289608127499792384,1181392854331080705,2474139948,2020-08-01
1289610435679752193,1591712214,1246774154445099010,2020-08-01
1289612215373373446,544289204,1252369660592316418,2020-08-01
1289608180092358657,894570912686776321,3283808679,2020-08-01
1289614097009369089,3069918300,62575859,2020-08-01
1289608532522803200,3283808679,894570912686776321,2020-08-01
1289609266790141952,894570912686776321,3283808679,2020-08-01
1289610303660085249,4239382889,1190746382958841858,2020-08-01
1289661420716482560,1031914417393422336,456864950,2020-08-01
1289611849864867841,1219158124747272193,1245212686859853827,2020-08-01
1289611501230145536,1242564623259312131,899689244633051136,2020-08-01
1289610812479348736,1175750487653703681,202057133,2020-08-01
1289610842506395650,17351453,783480110611587072,2020-08-01
1289610040265990144,1281297961389981696,1281297961389981696,2020-08-01
1289611163735654400,894570912686776321,3283808679,2020-08-01
1289629983229399040,2820083725,1060249883733504002,2020-08-01
1289614749634682882,2721274504,6355882,2020-08-01
1289625262741741568,44419855,1184190630056075264,2020-08-01
1289615277890523136,2868285124,791617266353790977,2020-08-01
1289616236712796160,1117504878111264773,56933453,2020-08-01
1289665019387420672,30730537,1643384312,2020-08-01
1289616872288256000,874191251087572992,874191251087572992,2020-08-01
1289619683738451968,81916321,427533306,2020-08-01
1289618995738324992,4025531193,1184648275841798146,2020-08-01
1289620246500794370,1117504878111264773,47811196,2020-08-01
1289619408470421505,2225836143,1127362414872104965,2020-08-01
1289619770761834496,314536466,314536466,2020-08-01
1289620291283488769,1286934466993238016,1286934466993238016,2020-08-01
1289623577398931456,20307920,45438568,2020-08-01
1289632563670130688,470529322,1688204706,2020-08-01
1289621562065223680,45438568,50956207,2020-08-01
1289624149611237378,36050775,1735179258,2020-08-01
1289630143359512578,36050775,1735179258,2020-08-01
1289624672557060101,1170142561756954629,378390428,2020-08-01
1289629004203298817,1195080179078631424,1182312568699916288,2020-08-01
1289623492929847296,1117504878111264773,369179982,2020-08-01
1289630042738159616,2820083725,529031245,2020-08-01
1289623478296088576,2923857892,201976930,2020-08-01
1289634931769892864,1259893683559837696,1277016309612634112,2020-08-01
1289624586812706818,1117504878111264773,315380580,2020-08-01
1289634344735145985,779948009945563137,1199191828802789377,2020-08-01
1289629047559839744,3604985243,352798858,2020-08-01
1289627266217984006,271853800,2293417891,2020-08-01
1289627245733015552,980665084186898432,1220846442845294592,2020-08-01
1289652517438136321,22639515,24707450,2020-08-01
1289629069877760000,823274427399995393,823274427399995393,2020-08-01
1289637790762729472,891678362451681280,733301032546013184,2020-08-01
1289627031617933312,1117504878111264773,3327184374,2020-08-01
1289627753415716867,1156693493244399616,48087051,2020-08-01
1289628007204663298,1156693493244399616,48087051,2020-08-01
1289627704363372544,1218535864013393921,1218535864013393921,2020-08-01
1289630391037341696,894570912686776321,267494959,2020-08-01
1289631752160387073,737416575381209089,1263426864,2020-08-01
1289637045439205376,846814508077256706,156340583,2020-08-01
1289628968820396033,1117504878111264773,248504728,2020-08-01
1289629197464301568,1117504878111264773,1156245092136628224,2020-08-01
1289658712672448515,1129832153343094784,1167603779568578560,2020-08-01
1289629376678567938,1117504878111264773,1156245092136628224,2020-08-01
1289709215091699714,1117504878111264773,1015260182,2020-08-01
1289631025413332992,72346752,186544328,2020-08-01
1289630567617552384,2392247028,431676310,2020-08-01
1289630626115534848,3281095753,714574689528451072,2020-08-01
1289630597942452225,2820083725,975731827091451905,2020-08-01
1289636196952313856,1285742758985162752,1220235328578973697,2020-08-01
1289632308455075846,254389399,1260991189961994241,2020-08-01
1289652482944176128,1133929324829204480,1150900707710636035,2020-08-01
1289637156508413952,559781122,559781122,2020-08-01
1289632354076516352,2716149239,2716149239,2020-08-01
1289634409155399681,72346752,379869792,2020-08-01
1289633963753922561,1246372466131456000,1249882166588141568,2020-08-01
1289643106355142657,353387200,2459988619,2020-08-01
1289643218162855936,338624488,242029598,2020-08-01
1289634960702230528,1263248096827527168,3277680906,2020-08-01
1289635607715536896,1249882166588141568,1224940216525426688,2020-08-01
1289638539081080832,373291378,127054148,2020-08-01
1289675946459410432,1122486021508206592,82361904,2020-08-01
1289643695038320642,2820083725,951424135736975360,2020-08-01
1289637033900613632,481466797,481466797,2020-08-01
1289637672227463168,49398752,1491548239,2020-08-01
1289638057218420736,105560657,785410026,2020-08-01
1289645850612957185,1283514170034360320,4396094250,2020-08-01
1289639751415300097,39063936,21257491,2020-08-01
1289643830816288769,2820083725,4915718896,2020-08-01
1289641578332450816,1264983255989858305,829754732172423168,2020-08-01
1289642692620611584,1240454836111491072,92207030,2020-08-01
1289645641967140864,1173701711472529408,1259019381104934912,2020-08-01
1289642007313358848,3054519933,1282094908493516802,2020-08-01
1289649376563011589,990059739563347971,89767395,2020-08-01
1289642634810552320,2331371741,2331371741,2020-08-01
1289643921824350208,838877930415513605,757761587142811648,2020-08-01
1289645397577613312,1214672545024217088,1022672600,2020-08-01
1289649686526087168,1214672545024217088,1022672600,2020-08-01
1289653977391407104,1283514170034360320,4396094250,2020-08-01
1289659083117588480,897583914214195200,976542599539552259,2020-08-01
1289644909046059008,1117504878111264773,34809042,2020-08-01
1289646807681658881,30868678,714733115399409667,2020-08-01
1289656053026754560,1019668086318911489,985624399041642496,2020-08-01
1289645073311789057,989198934982692865,2905651600,2020-08-01
1289648239315017729,72346752,1141022574,2020-08-01
1289645426845466624,2281503456,2281503456,2020-08-01
1289646094939455490,15683731,15683731,2020-08-01
1289665712458350593,575307850,347562985,2020-08-01
1289649397609820162,72346752,1141022574,2020-08-01
1289646856155181056,967304940,967304940,2020-08-01
1289647483933474816,714733115399409667,30868678,2020-08-01
1289647287707340801,931286316,272998646,2020-08-01
1289650159245119488,1327100088,984936922869936128,2020-08-01
1289665092439556096,872964678590377984,3855260592,2020-08-01
1289648076005744641,2281503456,880042363304923136,2020-08-01
1289649464689319936,1262995590922883073,1283144049080369154,2020-08-01
1289658513657012224,420153802,708179232627646464,2020-08-01
1289648757727010817,1001490455857651712,1001490455857651712,2020-08-01
1289701818604216321,1566805129,1262995590922883073,2020-08-01
1289650266032275456,1085654735666008064,1339174376,2020-08-01
1289650979764346882,1085654735666008064,1339174376,2020-08-01
1289650665040392193,714733115399409667,2921996796,2020-08-01
1289669568252657664,2366112618,1339744429,2020-08-01
1289652061034831873,470529322,1688204706,2020-08-01
1289665172471033856,1287112656382341120,1214672545024217088,2020-08-01
1289651404919803906,1239599332770398214,1275823237193019392,2020-08-01
1289650811220496387,1112868142554988544,838291567337144320,2020-08-01
1289652665241108481,976105868499521536,977881904409169920,2020-08-01
1289653745601507329,47533022,75787782,2020-08-01
1289652426203488256,138070726,923660210354270208,2020-08-01
1289652266794795010,809606256,3183019908,2020-08-01
1289657249778917376,3209993465,1085485427325161474,2020-08-01
1289651926477438977,1240454836111491072,1269375571575873537,2020-08-01
1289651156294094848,1048640455259303936,1048640455259303936,2020-08-01
1289651157124542465,1048640455259303936,1048640455259303936,2020-08-01
1289656045464358912,1223266858587107329,1223266858587107329,2020-08-01
1289654968870244354,714733115399409667,622663,2020-08-01
1289669978497589248,1017960084976988160,3294965614,2020-08-01
1289657904283283456,4239382889,50736471,2020-08-01
1289657088835125248,1011673074490474496,902658608579710984,2020-08-01
1289652704109670400,714733115399409667,877255501653753856,2020-08-01
1289655040139878401,2820083725,948539128119005184,2020-08-01
1289653440256253952,714733115399409667,825006496429768704,2020-08-01
1289658481167933440,1117504878111264773,840599278842179586,2020-08-01
1289653852770205697,7097602,19212026,2020-08-01
1289653550910406664,816978533264322560,816978533264322560,2020-08-01
1289677218591850496,982377732230254599,982377732230254599,2020-08-01
1289653850102566912,39186652,842234299,2020-08-01
1289655020103831554,1271509266617245705,3899596883,2020-08-01
1289654241934446592,19212026,7097602,2020-08-01
1289658844080087040,1262775592975577090,1115433878,2020-08-01
1289661301203976192,521506189,2291979392,2020-08-01
1289655838886379520,1286010895437631488,991641126540075008,2020-08-01
1289664056853323776,1273740917871202304,87994453,2020-08-01
1289655979190059008,257344332,257344332,2020-08-01
1289685777132093440,4025531193,49202953,2020-08-01
1289695359447339008,1522083542,3175388488,2020-08-01
1289660277642817536,1042405564540768256,1017474875563347969,2020-08-01
1289658480932970496,1150666380162871296,1328123774,2020-08-01
1289673331608702976,1263535733660319752,1283990896925487105,2020-08-01
1289662818833166336,808176556455710720,847097433758879745,2020-08-01
1289658868373495809,347381996,305615302,2020-08-01
1289659734891536384,2221928046,710880767421882368,2020-08-01
1289670118801170432,898624674120314881,1264186536268124161,2020-08-01
1289660975260418048,811757810841255936,811757810841255936,2020-08-01
1289669878727577602,926704693,1198944222893760513,2020-08-01
1289665956273205248,2820083725,1267604834691112960,2020-08-01
1289667467229278208,872964678590377984,1051568263057039360,2020-08-01
1289683236356939777,23427135,24289841,2020-08-01
1289663668666486786,335218541,1675613094,2020-08-01
1289663333692366848,860541598203076609,860541598203076609,2020-08-01
1289665943543545856,3972857914,1219579637229068289,2020-08-01
1289671861706489857,1246691486030155776,519642922,2020-08-01
1289664815951093760,37373360,721740552,2020-08-01
1289672500498952192,737416575381209089,1263426864,2020-08-01
1289692585447927808,1213299355773390848,1289665871485575170,2020-08-01
1289668548701368320,116238896,116238896,2020-08-01
1289670580875091968,185422089,1012435193574100993,2020-08-01
1289671781301665792,872964678590377984,154638975,2020-08-01
1289672225713340416,872964678590377984,154638975,2020-08-01
1289672040333504512,347381996,422129410,2020-08-01
1289681514284818432,1094640174670049280,1181324146321608704,2020-08-01
1289669549080502272,927575359096270851,927575359096270851,2020-08-01
1289703574230822912,1454290874,61223373,2020-08-01
1289672165961302016,1675613094,1244810862369460224,2020-08-01
1289681494349234176,21693418,4643153259,2020-08-01
1289674927176658947,1227863839,30291916,2020-08-01
1289675982433947648,714574689528451072,3281095753,2020-08-01
1289677978712981504,1090926571047788544,3154511793,2020-08-01
1289676298260889601,2895859044,2895859044,2020-08-01
1289677806280904704,19319290,767481574551977984,2020-08-01
1289678190265286656,114686837,14594463,2020-08-01
1289677866557300736,58562436,42124882,2020-08-01
1289696145082474497,1074510035089117184,151704265,2020-08-01
1289682326125936641,520754045,1263542256260300806,2020-08-01
1289684331586179073,311137675,45585974,2020-08-01
1289683754332516352,1108269016785801216,3017554209,2020-08-01
1289681439827492864,116238896,116238896,2020-08-01
1289693025640177665,174369590,110290428,2020-08-01
1289683439969423360,1548684578,1548684578,2020-08-01
1289692201534947328,3044602665,2614255879,2020-08-01
1289685775538216961,58562436,1001594843846660096,2020-08-01
1289685943905968129,58562436,1001594843846660096,2020-08-01
1289698953714208768,363274681,991918473826717696,2020-08-01
1289692071717027842,3044602665,2614255879,2020-08-01
1289685129212772353,811514954159443968,17178656,2020-08-01
1289687303753830401,19319290,454296188,2020-08-01
1289688382407245825,19319290,1222684015062323208,2020-08-01
1289686232197259265,1117504878111264773,222582519,2020-08-01
1289685677077012480,1117504878111264773,222582519,2020-08-01
1289686146415390720,1272976644001730560,123730264,2020-08-01
1289709441638490112,1239652767691608064,1051503780,2020-08-01
1289691865995005952,1046455122337955840,1167582244346707968,2020-08-01
1289689618019844096,1080886479700836352,1241148031451480066,2020-08-01
1289692308972044289,1965910015,1965910015,2020-08-01
1289689774878388224,19319290,767481574551977984,2020-08-01
1289691120117542913,2483067750,1191017748484116480,2020-08-01
1289693702617616384,795863682878230528,1079774676379992064,2020-08-01
1289691959297073152,247268658,878337058481344512,2020-08-01
1289692133641740288,811514954159443968,1033771596,2020-08-01
1289695066424975360,850517345109921792,1250805794,2020-08-01
1289693497763614721,19319290,767481574551977984,2020-08-01
1289695723907428353,1008621760973901824,218680291,2020-08-01
1289697740033634305,1273341548848021504,820148666,2020-08-01
1289698292092215297,775723020811763712,1036297830510587904,2020-08-01
1289696789667307520,2820083725,954495146,2020-08-01
1289694895813169152,118348219,118348219,2020-08-01
1289695888479154176,1269335537887805440,78014870,2020-08-01
1289709285694255104,279271461,491232382,2020-08-01
1289700674054193152,504653400,1100621096380973056,2020-08-01
1289697273924870145,1241977221545250816,707939741380034560,2020-08-01
1289698055848042496,4025531193,1258708503511924736,2020-08-01
1289711228978262016,16577987,337780078,2020-08-01
1289700626952122368,251357492,805655568207777792,2020-08-01
1289699941686734848,1048515716121604097,2745010204,2020-08-01
1289698757068521472,1256509716,16146495,2020-08-01
1289700560694730752,1269335537887805440,78014870,2020-08-01
1289704449225629696,1274757935067848704,743589595812630528,2020-08-01
1289702037832130560,801980595425447936,1226149408607293443,2020-08-01
1289702281538134017,801980595425447936,1226149408607293443,2020-08-01
1289705280620568577,2980684566,2980684566,2020-08-01
1289704108073484288,1269335537887805440,78014870,2020-08-01
1289702403101454336,336252507,940689553907732481,2020-08-01
1289703198513459200,1226149408607293443,801980595425447936,2020-08-01
1289703298602119169,338434286,738176040812478465,2020-08-01
1289703474893131776,1226149408607293443,2287135504,2020-08-01
1289705771421270018,800652126,828159286987534336,2020-08-01
1289704071763357696,1220146326387580928,2901964056,2020-08-01
1289705884554149888,1117504878111264773,862154960292560896,2020-08-01
1289706287639355394,1091075522971557888,1091075522971557888,2020-08-01
1289710976531460096,308245127,308245127,2020-08-01
1289707137631846401,196639531,2992062252,2020-08-01
1289706850489835520,1226149408607293443,477029546,2020-08-01
1289708034445340672,1269335537887805440,78014870,2020-08-01
1289708835259715584,1226149408607293443,477029546,2020-08-01
1289709628423643136,78014870,1269335537887805440,2020-08-01
1289710421679599616,3725831532,498966737,2020-08-01
1289709268308959234,2853461537,2853461537,2020-08-01
1289709596815134720,33245396,33245396,2020-08-01
1289709972150865921,1166066113907740673,3857903115,2020-08-01
1289710058872266756,794428617019322368,1166066113907740673,2020-08-01
1289711317536800768,1166066113907740673,794428617019322368,2020-08-01
1289710864417816576,1101089646900068352,64219342,2020-08-01
1289712403169476610,1537312639,1537312639,2020-08-01
